
-- insert departamentos
insert into DEPARTAMENTO (ID_DEPARTAMENTO, NOME) values (1, 'Catolica');
insert into DEPARTAMENTO (ID_DEPARTAMENTO, NOME) values (2, 'Evangelica');
insert into DEPARTAMENTO (ID_DEPARTAMENTO, NOME) values (3, 'Espirita');
insert into DEPARTAMENTO (ID_DEPARTAMENTO, NOME) values (4, 'Africana');
insert into DEPARTAMENTO (ID_DEPARTAMENTO, NOME) values (5, 'Budista');
insert into DEPARTAMENTO (ID_DEPARTAMENTO, NOME) values (6, 'Judaica');

-- insert categorias
insert into CATEGORIA (ID_CATEGORIA, NOME) values (1, 'Artigos');
insert into CATEGORIA (ID_CATEGORIA, NOME) values (2, 'Adesivos');
insert into CATEGORIA (ID_CATEGORIA, NOME) values (3, 'Adornos');
insert into CATEGORIA (ID_CATEGORIA, NOME) values (4, 'Aneis');
insert into CATEGORIA (ID_CATEGORIA, NOME) values (5, 'Biblias');
insert into CATEGORIA (ID_CATEGORIA, NOME) values (6, 'Benta');
insert into CATEGORIA (ID_CATEGORIA, NOME) values (7, 'Calices');
insert into CATEGORIA (ID_CATEGORIA, NOME) values (8, 'Chaveiros');
insert into CATEGORIA (ID_CATEGORIA, NOME) values (9, 'Colares');
insert into CATEGORIA (ID_CATEGORIA, NOME) values (10, 'Crucifixos');
insert into CATEGORIA (ID_CATEGORIA, NOME) values (11, 'Diversos');
insert into CATEGORIA (ID_CATEGORIA, NOME) values (12, 'Escapularios');
insert into CATEGORIA (ID_CATEGORIA, NOME) values (13, 'Imagens');
insert into CATEGORIA (ID_CATEGORIA, NOME) values (14, 'Livros');
insert into CATEGORIA (ID_CATEGORIA, NOME) values (15, 'Mantas');
insert into CATEGORIA (ID_CATEGORIA, NOME) values (16, 'Sacolas e Mochilas');
insert into CATEGORIA (ID_CATEGORIA, NOME) values (17, 'Tercos');
insert into CATEGORIA (ID_CATEGORIA, NOME) values (18, 'Vestuario');

-- insert produto em destaque
insert into PRODUTO_DESTAQUE (ID_PRODUTO_DESTAQUE, DESCONTO) values (1, 10);
insert into PRODUTO_DESTAQUE (ID_PRODUTO_DESTAQUE, DESCONTO) values (2, 10);
insert into PRODUTO_DESTAQUE (ID_PRODUTO_DESTAQUE, DESCONTO) values (3, 10);
insert into PRODUTO_DESTAQUE (ID_PRODUTO_DESTAQUE, DESCONTO) values (4, 10);
insert into PRODUTO_DESTAQUE (ID_PRODUTO_DESTAQUE, DESCONTO) values (5, 10);
insert into PRODUTO_DESTAQUE (ID_PRODUTO_DESTAQUE, DESCONTO) values (6, 10);
insert into PRODUTO_DESTAQUE (ID_PRODUTO_DESTAQUE, DESCONTO) values (7, 10);

-- insert dos fornecedores
insert into FORNECEDOR (ID_FORNECEDOR, RAZAO_SOCIAL, CNPJ, EMAIL, TELEFONE) values (1,'Francisco e Clara LTDA', 15012705000104, 'franciscoeclara@hotmail.com', '33354445');
insert into FORNECEDOR (ID_FORNECEDOR, RAZAO_SOCIAL, CNPJ, EMAIL, TELEFONE) values (2,'Gospel Atacado Evangelico', 31451211000174, 'gospelatacado@gmail.com', '44446666');
insert into FORNECEDOR (ID_FORNECEDOR, RAZAO_SOCIAL, CNPJ, EMAIL, TELEFONE) values (3,'Casa do cigano artigos religiosos', 15336171000325, 'sac@casadocigano.com.br', '77778888');
insert into FORNECEDOR (ID_FORNECEDOR, RAZAO_SOCIAL, CNPJ, EMAIL, TELEFONE) values (4,'Espirita Andre Luiz - Mundo Maior', 65080616000165, 'sacmundomaior@feal.com.br', '99990000');
insert into FORNECEDOR (ID_FORNECEDOR, RAZAO_SOCIAL, CNPJ, EMAIL, TELEFONE) values (5,'Conto de Fadas Distribuidora', 08892821000191, 'contodefadas@distribuidora.com.br', '00001111');
insert into FORNECEDOR (ID_FORNECEDOR, RAZAO_SOCIAL, CNPJ, EMAIL, TELEFONE) values (6,'Produtos cristaos e judaico messianico', 33977029000187, 'camiyla-seeber@hotmail.com', '22223333');

-- insert produto
insert into PRODUTO (ID_PRODUTO, DESCRICAO, VOLUME, PESO, STATUS, PRECO, ESTOQUE, FK_ID_PRODUTO_DESTAQUE, FK_ID_CATEGORIA, FK_ID_DEPARTAMENTO, FK_ID_FORNECEDOR) values (1, 'Terco de Nossa Senhora da Salette', 3.0, 0.2, TRUE, 60.00, 10, 1, 1, 1, 1);
insert into PRODUTO (ID_PRODUTO, DESCRICAO, VOLUME, PESO, STATUS, PRECO, ESTOQUE, FK_ID_PRODUTO_DESTAQUE, FK_ID_CATEGORIA, FK_ID_DEPARTAMENTO, FK_ID_FORNECEDOR) values (2, 'Terco de Nossa Senhora da Salette', 1.0, 0.1, TRUE, 60.00, 9, 2, 2, 1, 2);
insert into PRODUTO (ID_PRODUTO, DESCRICAO, VOLUME, PESO, STATUS, PRECO, ESTOQUE, FK_ID_PRODUTO_DESTAQUE, FK_ID_CATEGORIA, FK_ID_DEPARTAMENTO, FK_ID_FORNECEDOR) values (3, 'Terco de Nossa Senhora da Salette', 2.0, 0.3, TRUE, 60.00, 8, 3, 3, 1, 3);
insert into PRODUTO (ID_PRODUTO, DESCRICAO, VOLUME, PESO, STATUS, PRECO, ESTOQUE, FK_ID_PRODUTO_DESTAQUE, FK_ID_CATEGORIA, FK_ID_DEPARTAMENTO, FK_ID_FORNECEDOR) values (4, 'Terco de Nossa Senhora da Salette', 3.0, 0.4, TRUE, 60.00, 7, 4, 4, 1, 4);
insert into PRODUTO (ID_PRODUTO, DESCRICAO, VOLUME, PESO, STATUS, PRECO, ESTOQUE, FK_ID_PRODUTO_DESTAQUE, FK_ID_CATEGORIA, FK_ID_DEPARTAMENTO, FK_ID_FORNECEDOR) values (5, 'Terco de Nossa Senhora da Salette', 1.0, 1.0, TRUE, 60.00, 6, 5, 5, 1, 5);
insert into PRODUTO (ID_PRODUTO, DESCRICAO, VOLUME, PESO, STATUS, PRECO, ESTOQUE, FK_ID_PRODUTO_DESTAQUE, FK_ID_CATEGORIA, FK_ID_DEPARTAMENTO, FK_ID_FORNECEDOR) values (6, 'Terco de Nossa Senhora da Salette', 2.0, 2.0, TRUE, 60.00, 5, 6, 6, 1, 6);

-- insert dos clientes
insert into CLIENTE (ID_CLIENTE, CPF, NOME, EMAIL, SENHA, NASCIMENTO, SEXO, TELEFONE) values (1,'42.048.607-8','Muryllo Soares','m.soares21@hotmail.com', '1234567', '1984-02-01', 'MASCULINO', '2221-3332');
insert into CLIENTE (ID_CLIENTE, CPF, NOME, EMAIL, SENHA, NASCIMENTO, SEXO, TELEFONE) values (2,'43.048.607-3','Rosana de Campos','ro_campos@outlook.com.nr', '1234568', '1983-02-01', 'FEMININO', '2321-4332');
insert into CLIENTE (ID_CLIENTE, CPF, NOME, EMAIL, SENHA, NASCIMENTO, SEXO, TELEFONE) values (3,'44.048.607-4','Joao Guilherme Neves da Silva','JGui_Neves@hotmail.com', '1234569', '1984-02-01', 'MASCULINO', '2241-3336');
insert into CLIENTE (ID_CLIENTE, CPF, NOME, EMAIL, SENHA, NASCIMENTO, SEXO, TELEFONE) values (4,'45.048.607-5','Emily Barreto','Mi_Barreto@gmail.com', '1234568', '1985-02-01', 'FEMININO', '2321-3322');
insert into CLIENTE (ID_CLIENTE, CPF, NOME, EMAIL, SENHA, NASCIMENTO, SEXO, TELEFONE) values (5,'46.048.607-6','Arthur dos Santos','ArthurSantos@gmail.com', '1234569', '1986-02-01', 'MASCULINO', '2421-3336');
insert into CLIENTE (ID_CLIENTE, CPF, NOME, EMAIL, SENHA, NASCIMENTO, SEXO, TELEFONE) values (6,'48.048.607-8','Thais dos Reis','TaisReis21@outlook.com', '1234568', '1987-02-01', 'FEMININO', '2421-3342');
insert into CLIENTE (ID_CLIENTE, CPF, NOME, EMAIL, SENHA, NASCIMENTO, SEXO, TELEFONE) values (7,'47.048.607-9','Mattheus de Luca','theusDeLusca18@hotmail.com', '1234566', '1988-02-01', 'MASCULINO', '2251-3352');
insert into CLIENTE (ID_CLIENTE, CPF, NOME, EMAIL, SENHA, NASCIMENTO, SEXO, TELEFONE) values (8,'42.048.607-7','Thayana Araujo dos Santos','Thay_Araujo@hotmail.com', '1234556', '1984-02-01', 'FEMININO', '2261-3362');
insert into CLIENTE (ID_CLIENTE, CPF, NOME, EMAIL, SENHA, NASCIMENTO, SEXO, TELEFONE) values (9,'47.048.607-6','Noemi de Andrade','Noemi_Drade19@gmail.com', '12345777', '1989-02-01', 'MASCULINO', '2227-3372');


-- insert ENDERECO 
insert into ENDERECO (ID_ENDERECO, APELIDO, TIPO_LOGRADOURO, NOME_LOGRADOURO, NUMERO, CEP, CIDADE, ESTADO, FK_ID_FORNECEDOR) values (1,'Residencia','Rua','Das Neves','16','87030100','MARINGA', 'PR', 1);
insert into ENDERECO (ID_ENDERECO, APELIDO, TIPO_LOGRADOURO, NOME_LOGRADOURO, NUMERO, CEP, CIDADE, ESTADO, FK_ID_FORNECEDOR) values (2,'Casa', 'Rua','Jardim das Margaridas','536','01034040','Sao Paulo', 'SP', 2);
insert into ENDERECO (ID_ENDERECO, APELIDO, TIPO_LOGRADOURO, NOME_LOGRADOURO, NUMERO, CEP, CIDADE, ESTADO, FK_ID_FORNECEDOR) values (3,'Residencia','Avenida ','Engenheiro Velho de Brotas','653','04345000','Sao Paulo', 'SP', 3);
insert into ENDERECO (ID_ENDERECO, APELIDO, TIPO_LOGRADOURO, NOME_LOGRADOURO, NUMERO, CEP, CIDADE, ESTADO, FK_ID_FORNECEDOR) values (4,'Casa','Rua','Sao Gabriel - Vila Renata','231','07056090','Guarulhos', 'SP', 4);
insert into ENDERECO (ID_ENDERECO, APELIDO, TIPO_LOGRADOURO, NOME_LOGRADOURO, NUMERO, CEP, CIDADE, ESTADO, FK_ID_FORNECEDOR) values (5,'Casa','Avenida','Antonio Carlos Magalhaes','65','95046800','Caxias do Sul', 'RS', 4);

-- Associativa Cliente fisica e juridico com endereco
insert into CLIENTE_ENDERECO (CLIENTE_ID_CLIENTE, ENDERECO_ID_ENDERECO) values (1,1);
insert into CLIENTE_ENDERECO (CLIENTE_ID_CLIENTE, ENDERECO_ID_ENDERECO) values (2,2);
insert into CLIENTE_ENDERECO (CLIENTE_ID_CLIENTE, ENDERECO_ID_ENDERECO) values (3,3);
insert into CLIENTE_ENDERECO (CLIENTE_ID_CLIENTE, ENDERECO_ID_ENDERECO) values (4,1);
insert into CLIENTE_ENDERECO (CLIENTE_ID_CLIENTE, ENDERECO_ID_ENDERECO) values (5,1);
insert into CLIENTE_ENDERECO (CLIENTE_ID_CLIENTE, ENDERECO_ID_ENDERECO) values (6,4);
insert into CLIENTE_ENDERECO (CLIENTE_ID_CLIENTE, ENDERECO_ID_ENDERECO) values (7,1);
insert into CLIENTE_ENDERECO (CLIENTE_ID_CLIENTE, ENDERECO_ID_ENDERECO) values (8,1);
insert into CLIENTE_ENDERECO (CLIENTE_ID_CLIENTE, ENDERECO_ID_ENDERECO) values (9,1);


-- insert Formas
insert into FORMA (ID_FORMA, INSTITUICAO) values (1, 'CARTAO');
insert into FORMA (ID_FORMA, INSTITUICAO) values (2, 'PIX');
insert into FORMA (ID_FORMA, INSTITUICAO) values (3, 'BOLETO');


-- insert das BOLETO
insert into BOLETO (ID_BOLETO, BANCO, VENCIMENTO, BENEFICIARIO, NUMERO_DOCUMENTO, DATA_PROCESSAMENTO, VALOR_COBRADO, FK_ID_FORMA, FK_ID_CLIENTE) values (1, 'Banco_Brasil', '2021-01-12', 'Politeismo shop', '2122232425262728', '2021-01-11', 300.00, 1, 1);
insert into BOLETO (ID_BOLETO, BANCO, VENCIMENTO, BENEFICIARIO, NUMERO_DOCUMENTO, DATA_PROCESSAMENTO, VALOR_COBRADO, FK_ID_FORMA, FK_ID_CLIENTE) values (2, 'Banco_Brasil', '2021-01-10', 'Politeismo shop', '2222232425262729', '2021-01-09', 300.00, 1, 2);
insert into BOLETO (ID_BOLETO, BANCO, VENCIMENTO, BENEFICIARIO, NUMERO_DOCUMENTO, DATA_PROCESSAMENTO, VALOR_COBRADO, FK_ID_FORMA, FK_ID_CLIENTE) values (3, 'Banco_Brasil', '2021-01-09', 'Politeismo shop', '2322232425262738', '2021-08-01', 300.00, 1, 3);

-- insert PIX
INSERT INTO PIX (ID_PIX, CHAVE, FK_ID_FORMA, FK_ID_CLIENTE) VALUES (1, '2596047e756949149cf8630c8a2188e3', 2, 1);
INSERT INTO PIX (ID_PIX, CHAVE, FK_ID_FORMA, FK_ID_CLIENTE) VALUES (2, '2596047e756949149cf8630c8a2188e3', 2, 2);
INSERT INTO PIX (ID_PIX, CHAVE, FK_ID_FORMA, FK_ID_CLIENTE) VALUES (3, '2596047e756949149cf8630c8a2188e3', 2, 3);

-- insert das cartão
INSERT INTO CARTAO (ID_NUMERO_CARTAO, TITULAR, VALIDADE, CVV, FK_ID_FORMA, FK_ID_CLIENTE) values (112345678, 'NOME TITULAR CARTAO1', '2026-09-01', 448, 1, 4);
INSERT INTO CARTAO (ID_NUMERO_CARTAO, TITULAR, VALIDADE, CVV, FK_ID_FORMA, FK_ID_CLIENTE) values (098765443, 'FABIOLA CARVALHO', '2026-09-01', 337, 1, 5);
INSERT INTO CARTAO (ID_NUMERO_CARTAO, TITULAR, VALIDADE, CVV, FK_ID_FORMA, FK_ID_CLIENTE) values (345670987, 'SERGIO CAUE', '2024-08-01', 226, 1, 2);
INSERT INTO CARTAO (ID_NUMERO_CARTAO, TITULAR, VALIDADE, CVV, FK_ID_FORMA, FK_ID_CLIENTE) values (234579847, 'MURYLLO', '2027-07-01', 339, 1,3);

-- insert das entregas
insert into ENTREGA (ID_ENTREGA, PRAZO, VALOR, FORMA_ENTREGA, STATUS_ENTREGA) values (1, '2022-04-25', 10.0, 1, 'AGUARDANDO');
insert into ENTREGA (ID_ENTREGA, PRAZO, VALOR, FORMA_ENTREGA, STATUS_ENTREGA) values (2, '2022-05-11', 200.00, 2, 'AGUARDANDO');
insert into ENTREGA (ID_ENTREGA, PRAZO, VALOR, FORMA_ENTREGA, STATUS_ENTREGA) values (3, '2022-03-25', 200.0, 3, 'AGUARDANDO');
insert into ENTREGA (ID_ENTREGA, PRAZO, VALOR, FORMA_ENTREGA, STATUS_ENTREGA) values (4, '2022-03-18', 18.30, 4, 'AGUARDANDO');

-- insert dos pedidos
insert into PEDIDO (ID_PEDIDO, DATA_PEDIDO, VALOR_TOTAL, CLIENTE_ID_CLIENTE, ENTREGA_ID_ENTREGA, STATUS_PEDIDO) values (1, '2021-12-2', 200.0, 1, 1, 'ENTREGUE');
insert into PEDIDO (ID_PEDIDO, DATA_PEDIDO, VALOR_TOTAL, CLIENTE_ID_CLIENTE, ENTREGA_ID_ENTREGA, STATUS_PEDIDO) values (2, '2021-11-13', 200.0, 2, 2, 'ENTREGUE');
insert into PEDIDO (ID_PEDIDO, DATA_PEDIDO, VALOR_TOTAL, CLIENTE_ID_CLIENTE, ENTREGA_ID_ENTREGA, STATUS_PEDIDO) values (3, '2021-10-14', 200.0, 3, 3, 'ENTREGUE');
insert into PEDIDO (ID_PEDIDO, DATA_PEDIDO, VALOR_TOTAL, CLIENTE_ID_CLIENTE, ENTREGA_ID_ENTREGA, STATUS_PEDIDO) values (4, '2021-09-04', 350.00, 5, 4, 'ENTREGUE');

-- insert dos itens de cada pedido
insert into ITEM_PEDIDO (PRODUTO_ID_PRODUTO, PEDIDO_ID_PEDIDO, QUANTIDADE) values (1, 1, 4);
insert into ITEM_PEDIDO (PRODUTO_ID_PRODUTO, PEDIDO_ID_PEDIDO, QUANTIDADE) values (2, 1, 6);
insert into ITEM_PEDIDO (PRODUTO_ID_PRODUTO, PEDIDO_ID_PEDIDO, QUANTIDADE) values (3, 1, 7);
insert into ITEM_PEDIDO (PRODUTO_ID_PRODUTO, PEDIDO_ID_PEDIDO, QUANTIDADE) values (4, 1, 6);
insert into ITEM_PEDIDO (PRODUTO_ID_PRODUTO, PEDIDO_ID_PEDIDO, QUANTIDADE) values (1, 2, 4);
insert into ITEM_PEDIDO (PRODUTO_ID_PRODUTO, PEDIDO_ID_PEDIDO, QUANTIDADE) values (2, 2, 6);
insert into ITEM_PEDIDO (PRODUTO_ID_PRODUTO, PEDIDO_ID_PEDIDO, QUANTIDADE) values (3, 2, 7);
insert into ITEM_PEDIDO (PRODUTO_ID_PRODUTO, PEDIDO_ID_PEDIDO, QUANTIDADE) values (4, 2, 6);
insert into ITEM_PEDIDO (PRODUTO_ID_PRODUTO, PEDIDO_ID_PEDIDO, QUANTIDADE) values (1, 3, 10);
insert into ITEM_PEDIDO (PRODUTO_ID_PRODUTO, PEDIDO_ID_PEDIDO, QUANTIDADE) values (3, 3, 2);
insert into ITEM_PEDIDO (PRODUTO_ID_PRODUTO, PEDIDO_ID_PEDIDO, QUANTIDADE) values (5, 3, 7);
insert into ITEM_PEDIDO (PRODUTO_ID_PRODUTO, PEDIDO_ID_PEDIDO, QUANTIDADE) values (2, 4, 10);
insert into ITEM_PEDIDO (PRODUTO_ID_PRODUTO, PEDIDO_ID_PEDIDO, QUANTIDADE) values (1, 4, 15);


-- insert NOTAS FISCAIS
INSERT INTO NOTA_FISCAL (ID_NOTA_FISCAL, CODIGO_ACESSO_CHAVE, DATA_NOTA_FISCAL, NUMERO_SERIE, VALOR, PEDIDO_ID_PEDIDO, OPERACAO) VALUES (101010, '23456789', '2021-10-10', 23456, 20.00, 1, 'OPERACAO');
INSERT INTO NOTA_FISCAL (ID_NOTA_FISCAL, CODIGO_ACESSO_CHAVE, DATA_NOTA_FISCAL, NUMERO_SERIE, VALOR, PEDIDO_ID_PEDIDO, OPERACAO) VALUES (101110, '98765432', '2022-01-10', 65432, 40.00, 2, 'OPERACAO');

-- insert ITENS NOTAS FISCAIS
insert into ITEM_NOTA_FISCAL (PRODUTO_ID_PRODUTO, NOTA_FISCAL_ID_NOTA_FISCAL, QUANTIDADE, PERCENTUAL, VALOR_ICMS) values (1, 101010, 10, 2.5, 0.1);
insert into ITEM_NOTA_FISCAL (PRODUTO_ID_PRODUTO, NOTA_FISCAL_ID_NOTA_FISCAL, QUANTIDADE, PERCENTUAL, VALOR_ICMS) values (1, 101110, 10, 2.5, 0.1);

-- insert PAGAMENTOS
insert into PAGAMENTO (ID_PAGAMENTO, DATA_PAGAMENTO, STATUS_PAGAMENTO, VALOR_PAGAMENTO, PEDIDO_ID_PEDIDO, FORMA_ID_FORMA) values (1, '2021-01-10', 'P', 200.00, 1,1);
insert into PAGAMENTO (ID_PAGAMENTO, DATA_PAGAMENTO, STATUS_PAGAMENTO, VALOR_PAGAMENTO, PEDIDO_ID_PEDIDO, FORMA_ID_FORMA) values (2, '2021-02-11', 'A', 300.00, 2,1);
insert into PAGAMENTO (ID_PAGAMENTO, DATA_PAGAMENTO, STATUS_PAGAMENTO, VALOR_PAGAMENTO, PEDIDO_ID_PEDIDO, FORMA_ID_FORMA) values (3, '2021-02-11', 'P', 300.00, 3,1);
insert into PAGAMENTO (ID_PAGAMENTO, DATA_PAGAMENTO, STATUS_PAGAMENTO, VALOR_PAGAMENTO, PEDIDO_ID_PEDIDO, FORMA_ID_FORMA) values (4, '2021-02-11', 'P', 300.00, 4,1);

-- insert FAVORITOS
INSERT INTO FAVORITOS (ID_FAVORITOS, LISTA, CLIENTE_ID_CLIENTE) VALUES (1, 'LISTA', 1);
INSERT INTO FAVORITOS (ID_FAVORITOS, LISTA, CLIENTE_ID_CLIENTE) VALUES (2, 'LISTA', 2);
INSERT INTO FAVORITOS (ID_FAVORITOS, LISTA, CLIENTE_ID_CLIENTE) VALUES (3, 'LISTA', 3);
INSERT INTO FAVORITOS (ID_FAVORITOS, LISTA, CLIENTE_ID_CLIENTE) VALUES (4, 'LISTA', 4);

-- insert PRODUTOS FAVORITOS
INSERT INTO PRODUTOS_FAVORITOS (PRODUTO_ID_PRODUTO, FAVORITOS_ID_FAVORITOS) VALUES (1, 1);
INSERT INTO PRODUTOS_FAVORITOS (PRODUTO_ID_PRODUTO, FAVORITOS_ID_FAVORITOS) VALUES (2, 2);
INSERT INTO PRODUTOS_FAVORITOS (PRODUTO_ID_PRODUTO, FAVORITOS_ID_FAVORITOS) VALUES (3, 3);
INSERT INTO PRODUTOS_FAVORITOS (PRODUTO_ID_PRODUTO, FAVORITOS_ID_FAVORITOS) VALUES (4, 4);



