--                                                         INSERTS

-- insert departamentos
insert into DEPARTAMENTO (ID_DEPARTAMENTO, NOME) values (1, 'Catolica');
insert into DEPARTAMENTO (ID_DEPARTAMENTO, NOME) values (2, 'Evangelica');
insert into DEPARTAMENTO (ID_DEPARTAMENTO, NOME) values (3, 'Espirita');
insert into DEPARTAMENTO (ID_DEPARTAMENTO, NOME) values (4, 'Africana');
insert into DEPARTAMENTO (ID_DEPARTAMENTO, NOME) values (5, 'Budista');
insert into DEPARTAMENTO (ID_DEPARTAMENTO, NOME) values (6, 'Judaica');

-- insert categorias
insert into CATEGORIA (ID_CATEGORIA, NOME) values (1, 'Artigos');
insert into CATEGORIA (ID_CATEGORIA, NOME) values (2, 'Adesivos');
insert into CATEGORIA (ID_CATEGORIA, NOME) values (3, 'Adornos');
insert into CATEGORIA (ID_CATEGORIA, NOME) values (4, 'Aneis');
insert into CATEGORIA (ID_CATEGORIA, NOME) values (5, 'Biblias');
insert into CATEGORIA (ID_CATEGORIA, NOME) values (6, 'Benta');
insert into CATEGORIA (ID_CATEGORIA, NOME) values (7, 'Calices');
insert into CATEGORIA (ID_CATEGORIA, NOME) values (8, 'Chaveiros');
insert into CATEGORIA (ID_CATEGORIA, NOME) values (9, 'Colares');
insert into CATEGORIA (ID_CATEGORIA, NOME) values (10, 'Crucifixos');
insert into CATEGORIA (ID_CATEGORIA, NOME) values (11, 'Diversos');
insert into CATEGORIA (ID_CATEGORIA, NOME) values (12, 'Escapularios');
insert into CATEGORIA (ID_CATEGORIA, NOME) values (13, 'Imagens');
insert into CATEGORIA (ID_CATEGORIA, NOME) values (14, 'Livros');
insert into CATEGORIA (ID_CATEGORIA, NOME) values (15, 'Mantas');
insert into CATEGORIA (ID_CATEGORIA, NOME) values (16, 'Sacolas e Mochilas');
insert into CATEGORIA (ID_CATEGORIA, NOME) values (17, 'Tercos');
insert into CATEGORIA (ID_CATEGORIA, NOME) values (18, 'Vestuario');

-- insert estoque
insert into ESTOQUE (ID_ESTOQUE, QUANTIDADE) values (1, 50);
insert into ESTOQUE (ID_ESTOQUE, QUANTIDADE) values (2, 150);
insert into ESTOQUE (ID_ESTOQUE, QUANTIDADE) values (3, 250);
insert into ESTOQUE (ID_ESTOQUE, QUANTIDADE) values (4, 350);
insert into ESTOQUE (ID_ESTOQUE, QUANTIDADE) values (5, 450);
insert into ESTOQUE (ID_ESTOQUE, QUANTIDADE) values (6, 550);

-- insert produto em destaque
insert into PRODUTO_DESTAQUE (ID_PRODUTO_DESTAQUE, DESCONTO) values (1, 10);
insert into PRODUTO_DESTAQUE (ID_PRODUTO_DESTAQUE, DESCONTO) values (2, 10);
insert into PRODUTO_DESTAQUE (ID_PRODUTO_DESTAQUE, DESCONTO) values (3, 10);
insert into PRODUTO_DESTAQUE (ID_PRODUTO_DESTAQUE, DESCONTO) values (4, 10);
insert into PRODUTO_DESTAQUE (ID_PRODUTO_DESTAQUE, DESCONTO) values (5, 10);
insert into PRODUTO_DESTAQUE (ID_PRODUTO_DESTAQUE, DESCONTO) values (6, 10);
insert into PRODUTO_DESTAQUE (ID_PRODUTO_DESTAQUE, DESCONTO) values (7, 10);

-- insert produto
insert into PRODUTO (ID_PRODUTO, DESCRICAO, VOLUME, PESO, SITUACAO, PRECO, ESTOQUE_PRODUTO, PRODUTO_DESTAQUE_ID_PRODUTO_DESTAQUE) values (1, 'Ter\E7o de Nossa Senhora da Salette', 3.0, 0.2, 'ATIVO', 60.00, 1, 1);
insert into PRODUTO (ID_PRODUTO, DESCRICAO, VOLUME, PESO, SITUACAO, PRECO, ESTOQUE_PRODUTO, PRODUTO_DESTAQUE_ID_PRODUTO_DESTAQUE) values (2, 'Capelinha Nossa Senhora da Salette', 2.0, 1.2,'ATIVO', 70.00, 2, 2);
insert into PRODUTO (ID_PRODUTO, DESCRICAO, VOLUME, PESO, SITUACAO, PRECO, ESTOQUE_PRODUTO, PRODUTO_DESTAQUE_ID_PRODUTO_DESTAQUE) values (3, 'Rolo de Tor\E1 pequeno', 3.0, 0.2, 'ATIVO', 60.00, 3, 3);
insert into PRODUTO (ID_PRODUTO, DESCRICAO, VOLUME, PESO, SITUACAO, PRECO, ESTOQUE_PRODUTO, PRODUTO_DESTAQUE_ID_PRODUTO_DESTAQUE) values (4, 'Pavios para Shabat', 3.0, 0.2,'ATIVO', 60.00, 4, 4);
insert into PRODUTO (ID_PRODUTO, DESCRICAO, VOLUME, PESO, SITUACAO, PRECO, ESTOQUE_PRODUTO, PRODUTO_DESTAQUE_ID_PRODUTO_DESTAQUE) values (5, 'Cord\E3o Africano Amarelo', 3.0, 0.2, 'ATIVO', 60.00, 5, 5);
insert into PRODUTO (ID_PRODUTO, DESCRICAO, VOLUME, PESO, SITUACAO, PRECO, ESTOQUE_PRODUTO, PRODUTO_DESTAQUE_ID_PRODUTO_DESTAQUE) values (6, 'Buda Tailand\EAs da Sorte', 3.0, 0.2,'ATIVO', 60.00, 6, 6);


-- insert departamento por categoria
insert into DEPARTAMENTO_CATEGORIA (DEPARTAMENTO_ID_DEPARTAMENTO, CATEGORIA_ID_CATEGORIA, PRODUTO_ID_PRODUTO) values (1, 1, 1);
insert into DEPARTAMENTO_CATEGORIA (DEPARTAMENTO_ID_DEPARTAMENTO, CATEGORIA_ID_CATEGORIA, PRODUTO_ID_PRODUTO) values (1, 2, 1);
insert into DEPARTAMENTO_CATEGORIA (DEPARTAMENTO_ID_DEPARTAMENTO, CATEGORIA_ID_CATEGORIA, PRODUTO_ID_PRODUTO) values (1, 3, 1);
insert into DEPARTAMENTO_CATEGORIA (DEPARTAMENTO_ID_DEPARTAMENTO, CATEGORIA_ID_CATEGORIA, PRODUTO_ID_PRODUTO) values (1, 4, 1);
insert into DEPARTAMENTO_CATEGORIA (DEPARTAMENTO_ID_DEPARTAMENTO, CATEGORIA_ID_CATEGORIA, PRODUTO_ID_PRODUTO) values (1, 5, 1);
insert into DEPARTAMENTO_CATEGORIA (DEPARTAMENTO_ID_DEPARTAMENTO, CATEGORIA_ID_CATEGORIA, PRODUTO_ID_PRODUTO) values (1, 6, 1);
insert into DEPARTAMENTO_CATEGORIA (DEPARTAMENTO_ID_DEPARTAMENTO, CATEGORIA_ID_CATEGORIA, PRODUTO_ID_PRODUTO) values (1, 7, 1);
insert into DEPARTAMENTO_CATEGORIA (DEPARTAMENTO_ID_DEPARTAMENTO, CATEGORIA_ID_CATEGORIA, PRODUTO_ID_PRODUTO) values (1, 8, 1);

-- insert dos fornecedores
insert into FORNECEDOR (RAZAO_SOCIAL, CNPJ, EMAIL) values ('Francisco e Clara LTDA', 15012705000104, 'franciscoeclara@hotmail.com');
insert into FORNECEDOR (RAZAO_SOCIAL, CNPJ, EMAIL) values ('Gospel Atacado Evangelico', 31451211000174, 'gospelatacado@gmail.com');
insert into FORNECEDOR (RAZAO_SOCIAL, CNPJ, EMAIL) values ('Casa do cigano artigos religiosos', 15336171000325, 'sac@casadocigano.com.br');
insert into FORNECEDOR (RAZAO_SOCIAL, CNPJ, EMAIL) values ('Espirita Andre Luiz - Mundo Maior', 65080616000165, 'sacmundomaior@feal.com.br');
insert into FORNECEDOR (RAZAO_SOCIAL, CNPJ, EMAIL) values ('Conto de Fadas Distribuidora', 08892821000191, 'contodefadas@distribuidora.com.br');
insert into FORNECEDOR (RAZAO_SOCIAL, CNPJ, EMAIL) values ('Produtos cristaos e judaico messianico', 33977029000187, 'camiyla-seeber@hotmail.com');

-- insert dos produtos de cada fornecedor
insert into PRODUTO_FORNECEDOR (PRODUTO_ID_PRODUTO, FORNECEDOR_ID_FORNECEDOR) values (1, 1);
insert into PRODUTO_FORNECEDOR (PRODUTO_ID_PRODUTO, FORNECEDOR_ID_FORNECEDOR) values (2, 1);
insert into PRODUTO_FORNECEDOR (PRODUTO_ID_PRODUTO, FORNECEDOR_ID_FORNECEDOR) values (3, 1);
insert into PRODUTO_FORNECEDOR (PRODUTO_ID_PRODUTO, FORNECEDOR_ID_FORNECEDOR) values (4, 1);
insert into PRODUTO_FORNECEDOR (PRODUTO_ID_PRODUTO, FORNECEDOR_ID_FORNECEDOR) values (5, 1);
insert into PRODUTO_FORNECEDOR (PRODUTO_ID_PRODUTO, FORNECEDOR_ID_FORNECEDOR) values (6, 2);


-- insert dos clientes
insert into CLIENTE (ID_CLIENTE,NOME,EMAIL) values (1,'Muryllo Soares','m.soares21@hotmail.com');
insert into CLIENTE (ID_CLIENTE,NOME,EMAIL) values (2,'Rosana de Campos','ro_campos@outlook.com.nr');
insert into CLIENTE (ID_CLIENTE,NOME,EMAIL) values (3,'Joao Guilherme Neves da Silva','JGui_Neves@hotmail.com');
insert into CLIENTE (ID_CLIENTE,NOME,EMAIL) values (4,'Emily Barreto','Mi_Barreto@gmail.com');
insert into CLIENTE (ID_CLIENTE,NOME,EMAIL) values (5,'Arthur dos Santos','ArthurSantos@gmail.com');
insert into CLIENTE (ID_CLIENTE,NOME,EMAIL) values (6,'Thais dos Reis','TaisReis21@outlook.com');
insert into CLIENTE (ID_CLIENTE,NOME,EMAIL) values (7,'Mattheus de Luca','theusDeLusca18@hotmail.com');
insert into CLIENTE (ID_CLIENTE,NOME,EMAIL) values (8,'Thayana Araujo dos Santos','Thay_Araujo@hotmail.com');
insert into CLIENTE (ID_CLIENTE,NOME,EMAIL) values (9,'Noemi de Andrade','Noemi_Drade19@gmail.com');

-- insert sexo
insert into SEXO (DESCRICAO) values ('FEMININO');
insert into SEXO (DESCRICAO) values ('MASCULINO');
insert into SEXO (DESCRICAO) values ('OUTROS');

-- insert remetente
insert into REMENTENTE (TIPO) values ('CONSUMIDOR');
insert into REMENTENTE (TIPO) values ('FORNECEDOR');

-- insert destinatario
insert into DESTINATARIO (TIPO) values ('CONSUMIDOR');
insert into DESTINATARIO (TIPO) values ('FORNECEDOR');

-- insert dos tipos de operacao
insert into OPERACAO (DESTINATARIO_ID_DESTINATARIO, REMENTENTE_ID_REMETENTE) values (1, 2);
insert into OPERACAO (DESTINATARIO_ID_DESTINATARIO, REMENTENTE_ID_REMETENTE) values (2, 1);

-- insert dos clientes pessoa fisica
insert into FISICA (ID_CPF, NASCIMENTO, SEXO_ID_SEXO, CLIENTE_ID_CLIENTE) values ('32344860910', '1980/10/10', 1,1);
insert into FISICA (ID_CPF, NASCIMENTO, SEXO_ID_SEXO, CLIENTE_ID_CLIENTE) values ('32344860920', '1981/11/11', 2,2);
insert into FISICA (ID_CPF, NASCIMENTO, SEXO_ID_SEXO, CLIENTE_ID_CLIENTE) values ('32344860930', '1982/12/12', 3,3);
insert into FISICA (ID_CPF, NASCIMENTO, SEXO_ID_SEXO, CLIENTE_ID_CLIENTE) values ('32344860940', '1983/12/09', 1,4);

-- insert dos clientes pessoas juridica
insert into JURIDICA (ID_CNPJ, ABERTURA, INSCRICAO_ESTADUAL, RAZAO_SOCIAL, CLIENTE_ID_CLIENTE) values ('3448609100001', '1999/10/10', '1020304050607080', 'Empresa Cliente 1 Pessoa Juridica', 5);
insert into JURIDICA (ID_CNPJ, ABERTURA, INSCRICAO_ESTADUAL, RAZAO_SOCIAL, CLIENTE_ID_CLIENTE) values ('3448609200001', '1998/02/11', '1030304050607070', 'Empresa Cliente 2 Pessoa Juridica', 6);
insert into JURIDICA (ID_CNPJ, ABERTURA, INSCRICAO_ESTADUAL, RAZAO_SOCIAL, CLIENTE_ID_CLIENTE) values ('3448609300001', '1997/03/12', '1040304050607060', 'Empresa Cliente 3 Pessoa Juridica', 7);
insert into JURIDICA (ID_CNPJ, ABERTURA, INSCRICAO_ESTADUAL, RAZAO_SOCIAL, CLIENTE_ID_CLIENTE) values ('3448609400001', '1996/12/10', '1050304050607050', 'Empresa Cliente 4 Pessoa Juridica', 8);
insert into JURIDICA (ID_CNPJ, ABERTURA, INSCRICAO_ESTADUAL, RAZAO_SOCIAL, CLIENTE_ID_CLIENTE) values ('3448609500001', '1995/12/13', '1060304050607040', 'Empresa Cliente 5 Pessoa Juridica', 9);

-- insert das formas de entrega
insert into FORMA_ENTREGA (ID_FORMA_ENTREGA, EMPRESA) values (1, 'CORREIOS');
insert into FORMA_ENTREGA (ID_FORMA_ENTREGA, EMPRESA) values (2, 'SEDEX');
insert into FORMA_ENTREGA (ID_FORMA_ENTREGA, EMPRESA) values (3, 'SEDEX_10');
insert into FORMA_ENTREGA (ID_FORMA_ENTREGA, EMPRESA) values (4, 'MOTO_FRETE');

-- insert das entregas
insert into ENTREGA (ID_ENTREGA, PRAZO_ESTIMADO, VALOR, FORMA_ENTREGA_ID_FORMA_ENTREGA) values (1, '7 Dias Uteis', 10.0, 1);
insert into ENTREGA (ID_ENTREGA, PRAZO_ESTIMADO, VALOR, FORMA_ENTREGA_ID_FORMA_ENTREGA) values (2, '1 Dia Util', 200.00, 2);
insert into ENTREGA (ID_ENTREGA, PRAZO_ESTIMADO, VALOR, FORMA_ENTREGA_ID_FORMA_ENTREGA) values (3, '1 Dia ate as 10:00', 200.0, 3);
insert into ENTREGA (ID_ENTREGA, PRAZO_ESTIMADO, VALOR, FORMA_ENTREGA_ID_FORMA_ENTREGA) values (4, '1 Dia util', 18.30, 4);

-- insert do status de cada entrega
insert into STATUS_ENTREGA (ID_STATUS_ENTREGA, DATA_ENTREGA, ENTREGA_ID_ENTREGA) values (1, '2021-10-01', 1);
insert into STATUS_ENTREGA (ID_STATUS_ENTREGA, DATA_ENTREGA, ENTREGA_ID_ENTREGA) values (2, '2021-02-15', 2);
insert into STATUS_ENTREGA (ID_STATUS_ENTREGA, DATA_ENTREGA, ENTREGA_ID_ENTREGA) values (3, '2021-01-10', 3);
insert into STATUS_ENTREGA (ID_STATUS_ENTREGA, DATA_ENTREGA, ENTREGA_ID_ENTREGA) values (4, '2022-02-10', 4);

-- insert tipos de status para entrega
insert into TIPO_STATUS_ENTREGA (ID_TIPO_STATUS_ENTREGA, DESCRICAO, STATUS_ENTREGA_ID_STATUS_ENTREGA) values (1, 'TipoEstado Entrega1', 1);
insert into TIPO_STATUS_ENTREGA (ID_TIPO_STATUS_ENTREGA, DESCRICAO, STATUS_ENTREGA_ID_STATUS_ENTREGA) values (2, 'TipoEstado Entrega2', 2);
insert into TIPO_STATUS_ENTREGA (ID_TIPO_STATUS_ENTREGA, DESCRICAO, STATUS_ENTREGA_ID_STATUS_ENTREGA) values (3, 'TipoEstado Entrega3', 3);
insert into TIPO_STATUS_ENTREGA (ID_TIPO_STATUS_ENTREGA, DESCRICAO, STATUS_ENTREGA_ID_STATUS_ENTREGA) values (4, 'TipoEstado Entrega4', 4);

-- insert dos pedidos
insert into PEDIDO (ID_PEDIDO, DATA_PEDIDO, VALOR_TOTAL, CLIENTE_ID_CLIENTE, ENTREGA_ID_ENTREGA) values (1, '2021-12-2', 200.0, 1, 1);
insert into PEDIDO (ID_PEDIDO, DATA_PEDIDO, VALOR_TOTAL, CLIENTE_ID_CLIENTE, ENTREGA_ID_ENTREGA) values (2, '2021-11-13', 200.0, 2, 2);
insert into PEDIDO (ID_PEDIDO, DATA_PEDIDO, VALOR_TOTAL, CLIENTE_ID_CLIENTE, ENTREGA_ID_ENTREGA) values (3, '2021-10-14', 200.0, 3, 3);
insert into PEDIDO (ID_PEDIDO, DATA_PEDIDO, VALOR_TOTAL, CLIENTE_ID_CLIENTE, ENTREGA_ID_ENTREGA) values (4, '2021-09-04', 350.00, 5, 4);

-- insert do status dos pedidos
INSERT INTO STATUS_PEDIDO  (DESCRICAO , PEDIDO_ID_PEDIDO) VALUES ('ENTREGUE', 1);
INSERT INTO STATUS_PEDIDO  (DESCRICAO , PEDIDO_ID_PEDIDO) VALUES ('AGUARDANDO PAGAMENTO', 2);
INSERT INTO STATUS_PEDIDO  (DESCRICAO , PEDIDO_ID_PEDIDO) VALUES ('SAIU PARA ENTREGA', 3);
INSERT INTO STATUS_PEDIDO  (DESCRICAO , PEDIDO_ID_PEDIDO) VALUES ('SAIU PARA ENTREGA', 4);

-- insert dos itens de cada pedido
insert into ITEM_PEDIDO (PRODUTO_ID_PRODUTO, PEDIDO_ID_PEDIDO, QUANTIDADE) values (1, 1, 4);
insert into ITEM_PEDIDO (PRODUTO_ID_PRODUTO, PEDIDO_ID_PEDIDO, QUANTIDADE) values (2, 1, 6);
insert into ITEM_PEDIDO (PRODUTO_ID_PRODUTO, PEDIDO_ID_PEDIDO, QUANTIDADE) values (3, 1, 7);
insert into ITEM_PEDIDO (PRODUTO_ID_PRODUTO, PEDIDO_ID_PEDIDO, QUANTIDADE) values (4, 1, 6);
insert into ITEM_PEDIDO (PRODUTO_ID_PRODUTO, PEDIDO_ID_PEDIDO, QUANTIDADE) values (1, 2, 4);
insert into ITEM_PEDIDO (PRODUTO_ID_PRODUTO, PEDIDO_ID_PEDIDO, QUANTIDADE) values (2, 2, 6);
insert into ITEM_PEDIDO (PRODUTO_ID_PRODUTO, PEDIDO_ID_PEDIDO, QUANTIDADE) values (3, 2, 7);
insert into ITEM_PEDIDO (PRODUTO_ID_PRODUTO, PEDIDO_ID_PEDIDO, QUANTIDADE) values (4, 2, 6);
insert into ITEM_PEDIDO (PRODUTO_ID_PRODUTO, PEDIDO_ID_PEDIDO, QUANTIDADE) values (1, 3, 10);
insert into ITEM_PEDIDO (PRODUTO_ID_PRODUTO, PEDIDO_ID_PEDIDO, QUANTIDADE) values (3, 3, 2);
insert into ITEM_PEDIDO (PRODUTO_ID_PRODUTO, PEDIDO_ID_PEDIDO, QUANTIDADE) values (5, 3, 7);
insert into ITEM_PEDIDO (PRODUTO_ID_PRODUTO, PEDIDO_ID_PEDIDO, QUANTIDADE) values (2, 4, 10);
insert into ITEM_PEDIDO (PRODUTO_ID_PRODUTO, PEDIDO_ID_PEDIDO, QUANTIDADE) values (1, 4, 15);


insert into FORMA (ID_FORMA, INSTITUICAO) values (1, 'CARTAO');
insert into FORMA (ID_FORMA, INSTITUICAO) values (2, 'PIX');
insert into FORMA (ID_FORMA, INSTITUICAO) values (3, 'BOLETO');

insert into PAGAMENTO (ID_PAGAMENTO, DATA_PAGAMENTO, STATUS_PAGAMENTO, VALOR_PAGAMENTO, PEDIDO_ID_PEDIDO, FORMA_ID_FORMA) values (1, '2021-01-10', 'P', 200.00, 1,1);
insert into PAGAMENTO (ID_PAGAMENTO, DATA_PAGAMENTO, STATUS_PAGAMENTO, VALOR_PAGAMENTO, PEDIDO_ID_PEDIDO, FORMA_ID_FORMA) values (2, '2021-02-11', 'A', 300.00, 2,1);
insert into PAGAMENTO (ID_PAGAMENTO, DATA_PAGAMENTO, STATUS_PAGAMENTO, VALOR_PAGAMENTO, PEDIDO_ID_PEDIDO, FORMA_ID_FORMA) values (3, '2021-02-11', 'P', 300.00, 3,1);
insert into PAGAMENTO (ID_PAGAMENTO, DATA_PAGAMENTO, STATUS_PAGAMENTO, VALOR_PAGAMENTO, PEDIDO_ID_PEDIDO, FORMA_ID_FORMA) values (4, '2021-02-11', 'P', 300.00, 4,1);

insert into BOLETO (ID_BOLETO, BANCO, VENCIMENTO, BENEFICIARIO, NUMERO_DOCUMENTO, DATA_PROCESSAMENTO, VALOR_COBRADO,FORMA_ID_FORMA, CLIENTE_ID_CLIENTE) values (1, 'Banco_Brasil', '2021-01-12', 'Politeismo shop', '2122232425262728', '2021-01-11', 300.00, 1, 1);
insert into BOLETO (ID_BOLETO, BANCO, VENCIMENTO, BENEFICIARIO, NUMERO_DOCUMENTO, DATA_PROCESSAMENTO, VALOR_COBRADO,FORMA_ID_FORMA, CLIENTE_ID_CLIENTE) values (2, 'Banco_Brasil', '2021-01-10', 'Politeismo shop', '2222232425262729', '2021-01-09', 300.00, 1, 2);
insert into BOLETO (ID_BOLETO, BANCO, VENCIMENTO, BENEFICIARIO, NUMERO_DOCUMENTO, DATA_PROCESSAMENTO, VALOR_COBRADO,FORMA_ID_FORMA, CLIENTE_ID_CLIENTE) values (3, 'Banco_Brasil', '2021-01-09', 'Politeismo shop', '2322232425262738', '2021-08-01', 300.00, 1, 3);

INSERT INTO PIX (ID_PIX, CHAVE, FORMA_ID_FORMA, CLIENTE_ID_CLIENTE) VALUES (1, '2596047e756949149cf8630c8a2188e3', 2, 1);
INSERT INTO PIX (ID_PIX, CHAVE, FORMA_ID_FORMA, CLIENTE_ID_CLIENTE) VALUES (2, '2596047e756949149cf8630c8a2188e3', 2, 2);
INSERT INTO PIX (ID_PIX, CHAVE, FORMA_ID_FORMA, CLIENTE_ID_CLIENTE) VALUES (3, '2596047e756949149cf8630c8a2188e3', 2, 3);

insert into CARTAO (ID_NUMERO_CARTAO, TITULAR, VALIDADE, CVV, FORMA_ID_FORMA, CLIENTE_ID_CLIENTE) values (112345678, 'NOME TITULAR CARTAO1', '2026-09-01', 448, 1, 4);
INSERT INTO CARTAO (ID_NUMERO_CARTAO, TITULAR, VALIDADE, CVV, FORMA_ID_FORMA, CLIENTE_ID_CLIENTE) values (098765443, 'FABIOLA CARVALHO', '2026-09-01', 337, 1, 5);
INSERT INTO CARTAO (ID_NUMERO_CARTAO, TITULAR, VALIDADE, CVV, FORMA_ID_FORMA, CLIENTE_ID_CLIENTE) values (345670987, 'SERGIO CAUE', '2024-08-01', 226, 1, 2);
INSERT INTO CARTAO (ID_NUMERO_CARTAO, TITULAR, VALIDADE, CVV, FORMA_ID_FORMA, CLIENTE_ID_CLIENTE) values (234579847, 'MURYLLO', '2027-07-01', 339, 1,3);

INSERT INTO NOTA_FISCAL (ID_NOTA_FISCAL, CODIGO_ACESSO_CHAVE, DATA_NOTA_FISCAL, NUMERO_SERIE, VALOR, PEDIDO_ID_PEDIDO, OPERACAO_ID_OPERACAO) VALUES (101010, '23456789', '2021-10-10', 23456, 20.00, 1, 1);
INSERT INTO NOTA_FISCAL (ID_NOTA_FISCAL, CODIGO_ACESSO_CHAVE, DATA_NOTA_FISCAL, NUMERO_SERIE, VALOR, PEDIDO_ID_PEDIDO, OPERACAO_ID_OPERACAO) VALUES (101110, '98765432', '2022-01-10', 65432, 40.00, 2, 1);

insert into ESTADO (ID_ESTADO, NOME, SIGLA) values (1, 'Acre', 'AC');
insert into ESTADO (ID_ESTADO, NOME, SIGLA) values (2, 'Alagoas', 'AL');
insert into ESTADO (ID_ESTADO, NOME, SIGLA) values (3, 'Amapa', 'AP');
insert into ESTADO (ID_ESTADO, NOME, SIGLA) values (4, 'Amazonas', 'AM');
insert into ESTADO (ID_ESTADO, NOME, SIGLA) values (5, 'Bahia', 'BA');
insert into ESTADO (ID_ESTADO, NOME, SIGLA) values (6, 'Ceara', 'CE');
insert into ESTADO (ID_ESTADO, NOME, SIGLA) values (7, 'Espirito Santo', 'ES');
insert into ESTADO (ID_ESTADO, NOME, SIGLA) values (8, 'Goias', 'GO');
insert into ESTADO (ID_ESTADO, NOME, SIGLA) values (9, 'Maranhão', 'MA');
insert into ESTADO (ID_ESTADO, NOME, SIGLA) values (10, 'Mato Grosso', 'MT');
insert into ESTADO (ID_ESTADO, NOME, SIGLA) values (11, 'Mato Grosso do Sul', 'MS');
insert into ESTADO (ID_ESTADO, NOME, SIGLA) values (12, 'Minas Gerais', 'MG');
insert into ESTADO (ID_ESTADO, NOME, SIGLA) values (13, 'Pará', 'PA');
insert into ESTADO (ID_ESTADO, NOME, SIGLA) values (14, 'Paraiba', 'PB');
insert into ESTADO (ID_ESTADO, NOME, SIGLA) values (15, 'Paraná', 'PR');
insert into ESTADO (ID_ESTADO, NOME, SIGLA) values (16, 'Pernambuco', 'PE');
insert into ESTADO (ID_ESTADO, NOME, SIGLA) values (17, 'Piauí', 'PI');
insert into ESTADO (ID_ESTADO, NOME, SIGLA) values (18, 'Rio de Janeiro', 'RJ');
insert into ESTADO (ID_ESTADO, NOME, SIGLA) values (19, 'Rio Grande do Norte', 'RN');
insert into ESTADO (ID_ESTADO, NOME, SIGLA) values (20, 'Rio Grande do Sul', 'RS');
insert into ESTADO (ID_ESTADO, NOME, SIGLA) values (21, 'Rondônia', 'RO');
insert into ESTADO (ID_ESTADO, NOME, SIGLA) values (22, 'Roraima', 'RR');
insert into ESTADO (ID_ESTADO, NOME, SIGLA) values (23, 'Santa Catarina', 'SC');
insert into ESTADO (ID_ESTADO, NOME, SIGLA) values (24, 'São Paulo', 'SP');
insert into ESTADO (ID_ESTADO, NOME, SIGLA) values (25, 'Sergipe', 'SE');
insert into ESTADO (ID_ESTADO, NOME, SIGLA) values (26, 'Tocantins', 'TO');
insert into ESTADO (ID_ESTADO, NOME, SIGLA) values (27, 'Distrito Federal', 'DF');

insert into REMENTENTE (TIPO) values ('CONSUMIDOR');
insert into REMENTENTE (TIPO) values ('FORNECEDOR');

insert into DESTINATARIO (TIPO) values ('CONSUMIDOR');
insert into DESTINATARIO (TIPO) values ('FORNECEDOR');

insert into OPERACAO (DESTINATARIO_ID_DESTINATARIO, REMENTENTE_ID_REMETENTE) values (1, 2);
insert into OPERACAO (DESTINATARIO_ID_DESTINATARIO, REMENTENTE_ID_REMETENTE) values (2, 1);

-- ENDERECO Cliente fisica
insert into ENDERECO (APELIDO, TIPO_LOGRADOURO, NOME_LOGRADOURO, NUMERO, CEP, CIDADE, ESTADO_ID_ESTADO) values ('Residencia','Rua','Das Neves','16','87030100','MARINGA', 17);
insert into ENDERECO (APELIDO, TIPO_LOGRADOURO, NOME_LOGRADOURO, NUMERO, CEP, CIDADE, ESTADO_ID_ESTADO) values ('Casa', 'Rua','Jardim das Margaridas','536','01034040','Sao Paulo', 25);
insert into ENDERECO (APELIDO, TIPO_LOGRADOURO, NOME_LOGRADOURO, NUMERO, CEP, CIDADE, ESTADO_ID_ESTADO) values ('Residencia','Avenida ','Engenheiro Velho de Brotas','653','04345000','Sao Paulo',25);
insert into ENDERECO (APELIDO, TIPO_LOGRADOURO, NOME_LOGRADOURO, NUMERO, CEP, CIDADE, ESTADO_ID_ESTADO) values ('Casa','Rua','Sao Gabriel - Vila Renata','231','07056090','Guarulhos',25);

-- ENDERECO Cliente Juridico
insert into ENDERECO (APELIDO, TIPO_LOGRADOURO, NOME_LOGRADOURO, NUMERO, CEP, CIDADE, ESTADO_ID_ESTADO) values ('Residencia','Avenida','Antonio Carlos Magalhaes','65','95046800','Caxias do Sul',21);
insert into ENDERECO (APELIDO, TIPO_LOGRADOURO, NOME_LOGRADOURO, NUMERO, CEP, CIDADE, ESTADO_ID_ESTADO) values ('Apartamento','Rua','Pedrinhas','160','01512000','Sao Paulo',25);
insert into ENDERECO (APELIDO, TIPO_LOGRADOURO, NOME_LOGRADOURO, NUMERO, CEP, CIDADE, ESTADO_ID_ESTADO) values ('Casa Mae','Rua','Das Neves','16','87030100','MARINGA', 17);
insert into ENDERECO (APELIDO, TIPO_LOGRADOURO, NOME_LOGRADOURO, NUMERO, CEP, CIDADE, ESTADO_ID_ESTADO) values ('Residencia', 'Rua','Vale do Campo','536','01034040','Sao Paulo', 25);
insert into ENDERECO (APELIDO, TIPO_LOGRADOURO, NOME_LOGRADOURO, NUMERO, CEP, CIDADE, ESTADO_ID_ESTADO) values ('Casa','Avenida ','Vilas do Atlantico','653','04345000','Sao Paulo',25);

-- ENDERECO Fornecedor
insert into ENDERECO (APELIDO, TIPO_LOGRADOURO, NOME_LOGRADOURO, NUMERO, CEP, CIDADE, FORNECEDOR_ID_FORNECEDOR, ESTADO_ID_ESTADO) values ('Empresa','Rua','Dep. Ardinal Ribas ','120','87030100','MARINGA',1,17);
insert into ENDERECO (APELIDO, TIPO_LOGRADOURO, NOME_LOGRADOURO, NUMERO, CEP, CIDADE, FORNECEDOR_ID_FORNECEDOR, ESTADO_ID_ESTADO) values ('Empresa', 'Rua','Do Seminario','00','01034040','Sao Paulo', 2, 25);
insert into ENDERECO (APELIDO, TIPO_LOGRADOURO, NOME_LOGRADOURO, NUMERO, CEP, CIDADE, FORNECEDOR_ID_FORNECEDOR, ESTADO_ID_ESTADO) values ('Empresa','Avenida ','Engenheiro George Corbisier','653','04345000','Sao Paulo',3,25);
insert into ENDERECO (APELIDO, TIPO_LOGRADOURO, NOME_LOGRADOURO, NUMERO, CEP, CIDADE, FORNECEDOR_ID_FORNECEDOR, ESTADO_ID_ESTADO) values ('Empresa','Rua','São Gabriel - Vila Renata','231','07056090','Guarulhos',4,25);
insert into ENDERECO (APELIDO, TIPO_LOGRADOURO, NOME_LOGRADOURO, NUMERO, CEP, CIDADE, FORNECEDOR_ID_FORNECEDOR, ESTADO_ID_ESTADO) values ('Empresa','Estrada','Mun. Adolfo Randazzo','1450','95046800','Caxias do Sul',5,21);
insert into ENDERECO (APELIDO, TIPO_LOGRADOURO, NOME_LOGRADOURO, NUMERO, CEP, CIDADE, FORNECEDOR_ID_FORNECEDOR, ESTADO_ID_ESTADO) values ('Empresa','Rua','Conde de Sarzedas','160','01512000','Sao Paulo',6 ,25);

-- TELEFONE FORNECEDORES;
insert into TELEFONE (DDD, CELULAR, FIXO, FORNECEDOR_ID_FORNECEDOR) values (44,'998404010','33466888', 1);
insert into TELEFONE (DDD, CELULAR, FIXO, FORNECEDOR_ID_FORNECEDOR) values (11,'964749267',' ', 2);
insert into TELEFONE (DDD, CELULAR, FIXO, FORNECEDOR_ID_FORNECEDOR) values (11,'952805746','26492065', 3);
insert into TELEFONE (DDD, CELULAR, FIXO, FORNECEDOR_ID_FORNECEDOR) values (11,'999427936','49665775', 4);
insert into TELEFONE (DDD, CELULAR, FIXO, FORNECEDOR_ID_FORNECEDOR) values (54,' ','30291561', 5);
insert into TELEFONE (DDD, CELULAR, FIXO, FORNECEDOR_ID_FORNECEDOR) values (11,'997790431','', 6);

-- TELEFONE CLIENTES;
insert into TELEFONE (DDD, CELULAR, FIXO, CLIENTE_ID_CLIENTE) values (44,'998404010','33466888', 1);
insert into TELEFONE (DDD, CELULAR, FIXO, CLIENTE_ID_CLIENTE) values (11,'964749267',' ', 2);
insert into TELEFONE (DDD, CELULAR, FIXO, CLIENTE_ID_CLIENTE) values (11,'952805746','26492065', 3);
insert into TELEFONE (DDD, CELULAR, FIXO, CLIENTE_ID_CLIENTE) values (11,'999427936','49665775', 4);
insert into TELEFONE (DDD, CELULAR, FIXO, CLIENTE_ID_CLIENTE) values (54,' ','30291561', 5);
insert into TELEFONE (DDD, CELULAR, FIXO, CLIENTE_ID_CLIENTE) values (11,'997790431','', 6);
insert into TELEFONE (DDD, CELULAR, FIXO, CLIENTE_ID_CLIENTE) values (44,'998404010','33466888',7);
insert into TELEFONE (DDD, CELULAR, FIXO, CLIENTE_ID_CLIENTE) values (11,'964749267',' ', 8);
insert into TELEFONE (DDD, CELULAR, FIXO, CLIENTE_ID_CLIENTE) values (11,'964749267',' ', 9);

-- Associativa Cliente fisica e juridico com endereco
insert into CLIENTE_ENDERECO (CLIENTE_ID_ENDERECO, ENDERECO_ID_ENDERECO) values (1,1);
insert into CLIENTE_ENDERECO (CLIENTE_ID_ENDERECO, ENDERECO_ID_ENDERECO) values (2,2);
insert into CLIENTE_ENDERECO (CLIENTE_ID_ENDERECO, ENDERECO_ID_ENDERECO) values (3,3);
insert into CLIENTE_ENDERECO (CLIENTE_ID_ENDERECO, ENDERECO_ID_ENDERECO) values (4,4);
insert into CLIENTE_ENDERECO (CLIENTE_ID_ENDERECO, ENDERECO_ID_ENDERECO) values (5,5);
insert into CLIENTE_ENDERECO (CLIENTE_ID_ENDERECO, ENDERECO_ID_ENDERECO) values (6,6);
insert into CLIENTE_ENDERECO (CLIENTE_ID_ENDERECO, ENDERECO_ID_ENDERECO) values (7,7);
insert into CLIENTE_ENDERECO (CLIENTE_ID_ENDERECO, ENDERECO_ID_ENDERECO) values (8,8);
insert into CLIENTE_ENDERECO (CLIENTE_ID_ENDERECO, ENDERECO_ID_ENDERECO) values (9,9);